run_name,supervision,n_orb,num_layers,geometry,seed,val_transmission,l12_transmission,l16_transmission,l12_dos,l16_dos,onsite_near,onsite_far,ci_interior_mode,ci_interior_total,onsite_abs_mean,onsite_std,saved_at_epoch
ham_dos_n1_L2_nogeom_s1179027592,DOS+T,1,2,off,1179027592,0.5116218605211803,2.8435720870919563,2.215896151443376,0.21392879790884478,0.18324101008203728,2.3495202064898293,2.3495202064898293,0.4786030591146404,0.9364454352505417,2.4149965735932435,2.3935872449991074,2963
ham_dos_n1_L2_nogeom_s2129768291,DOS+T,1,2,off,2129768291,0.48791456648281645,2.5885279976387263,2.481744703577915,0.20023181319789107,0.20309463712708684,5.250344354941575,5.250344354941575,1.1577375047682352,1.1642073329001286,5.472696352568191,8.645630124835055,3727
ham_dos_n1_L2_nogeom_s3731635825,DOS+T,1,2,off,3731635825,0.518263212272099,2.3541804543119484,2.3225135714233733,0.19695901893987505,0.1952031648627519,3.678106571471212,3.678106571471212,0.12666393511651974,0.126723420599819,3.6018979657071446,3.71371131524138,666
ham_dos_n1_L2_geom_s1179027592,DOS+T,1,2,on,1179027592,0.4749673775264195,2.452071298944438,2.2148815126869854,0.2270534952192865,0.20630915140261769,3.7308767979749584,3.7308767979749584,0.9325232182221184,0.9325290923822673,3.821031264698474,4.476318128344775,1086
ham_dos_n1_L2_geom_s2129768291,DOS+T,1,2,on,2129768291,0.4961939070905958,3.0836337737027875,2.4184389300888833,0.20708752559880786,0.19385725397127498,4.308451742522156,4.308451742522156,1.5648459591469495,1.5677178629790616,4.075001765358036,4.910941005222395,1910
ham_dos_n1_L2_geom_s3731635825,DOS+T,1,2,on,3731635825,0.46995709197861807,2.870303138829785,2.3521414182993077,0.23309738241112188,0.19684851515777274,5.55809133265871,5.55809133265871,0.5439483543029349,0.5561346599993868,5.747227667235469,6.988258143756948,2020
ham_dos_n1_L4_nogeom_s1179027592,DOS+T,1,4,off,1179027592,0.41140550268547876,2.465955257568303,2.501006231883085,0.2029648100551683,0.20469027446771337,3.514605788375488,3.514605788375488,2.5368479676336815,2.548740725342416,3.422451459078987,4.157910065075143,870
ham_dos_n1_L4_nogeom_s2129768291,DOS+T,1,4,off,2129768291,0.4003562033176422,2.16116036707687,2.3674529989834348,0.20600557334894687,0.20472885435464455,3.6345643200463478,3.6345643200463478,2.651192310761908,2.6580612520500635,3.4870768865401542,4.977546134623289,1511
ham_dos_n1_L4_nogeom_s3731635825,DOS+T,1,4,off,3731635825,0.36759443687541143,2.521155157337234,2.372468140569576,0.20420685618225648,0.20927563311144853,2.1806897086284898,2.1806897086284898,0.7317539508661626,0.8084882544159337,2.0714548827281667,2.1975407140005947,2698
ham_dos_n1_L4_geom_s1179027592,DOS+T,1,4,on,1179027592,0.4155144840478897,2.4209042001244834,2.2971734175595824,0.21564364524899643,0.22348774419371153,3.098525104325654,3.098525104325654,1.54157212642491,1.548480098105923,2.9127678327319315,3.367492947054293,2713
ham_dos_n1_L4_geom_s2129768291,DOS+T,1,4,on,2129768291,0.3988171922309058,2.1637184139434416,2.428886167483377,0.20545775377127218,0.20514399666340147,4.028309419501152,4.028309419501152,2.736593167599316,2.7407449654726665,3.521704901872145,6.766469403764719,2925
ham_dos_n1_L4_geom_s3731635825,DOS+T,1,4,on,3731635825,0.46064989481653484,2.4715956620137063,2.4535354032959145,0.19833046242505642,0.21844206718114031,1.3170416245597292,1.3170416245597292,0.16667059602376583,0.16738271459195755,1.3230345415719529,0.8016943200720209,9986
ham_dos_n2_L2_nogeom_s1179027592,DOS+T,2,2,off,1179027592,0.33759921150548117,3.0007120103864096,2.496026589539552,0.16695121385179332,0.1645579687512469,1.6579645880065839,4.221482447387982,0.2427292024917268,0.2427339171485846,3.00171153998559,2.577649492730734,224
ham_dos_n2_L2_nogeom_s2129768291,DOS+T,2,2,off,2129768291,0.41005245063986095,2.0296610714479053,1.902561476445542,0.16623916317096732,0.1644823879920251,1.308882201989085,5.462244225536625,0.42076489541813256,1.0208529693617412,3.3274430396507904,4.216939963348951,1613
ham_dos_n2_L2_nogeom_s3731635825,DOS+T,2,2,off,3731635825,0.4359509253076145,2.1713661976635277,2.1065945465030613,0.17005866717443688,0.15948679391195264,1.0023466320709238,1.983450592600191,0.08144347049696182,0.08145373088242236,1.4923047707801536,1.6952368663509885,390
ham_dos_n2_L2_geom_s1179027592,DOS+T,2,2,on,1179027592,0.4224276936479977,2.6145888390062964,2.1606382281412158,0.18158786018113654,0.17635642979913652,1.1739850767882278,1.7328347930717953,0.09839674123463957,0.10018851075435045,1.4273585444966832,1.554470795779847,793
ham_dos_n2_L2_geom_s2129768291,DOS+T,2,2,on,2129768291,0.4414791166782379,2.4220123747016267,2.12804324597385,0.1669536246082794,0.1683695240900248,1.340716250751587,2.7414750234208336,0.17552472185637225,0.1762628085831669,2.0620913501554736,2.550820413941319,485
ham_dos_n2_L2_geom_s3731635825,DOS+T,2,2,on,3731635825,0.45741788510765347,2.331112358113507,2.4094353601280316,0.16491846830054163,0.15045668026216302,1.407088808969245,2.453345231744645,0.20561592232205717,0.24419530934367045,2.0156788937168115,1.2841810784203755,3359
ham_dos_n2_L4_nogeom_s1179027592,DOS+T,2,4,off,1179027592,0.3390165088432176,1.8816016136176934,1.9445052734976929,0.16449610097445536,0.18387241816729363,0.9167435024159354,3.887291897557946,0.47815950078165737,0.47865982370755,2.4046160788062547,3.777795815784603,488
ham_dos_n2_L4_nogeom_s2129768291,DOS+T,2,4,off,2129768291,0.3475180576954569,2.3691430112297,2.142902137122246,0.14227560370407177,0.16222911309640903,1.4077807376742055,4.515597456484585,0.530457785362527,0.73472730800349,3.0653418617716275,3.842663511132097,1068
ham_dos_n2_L4_nogeom_s3731635825,DOS+T,2,4,off,3731635825,0.29985249255384716,1.6549895878142062,1.9237550162110875,0.13730686891789767,0.15240116889123895,1.395728117175987,3.970171298192516,0.5747252083896776,0.5800799597161452,2.6714361933590527,3.314019228245344,587
ham_dos_n2_L4_geom_s1179027592,DOS+T,2,4,on,1179027592,0.31386612355709076,1.715216035461014,2.0249346364259138,0.15889981143846033,0.17858548859414264,1.7898121130150755,3.400731330812606,0.519382040909467,0.5194712570848976,2.5765258564127045,3.256193257398445,223
ham_dos_n2_L4_geom_s2129768291,DOS+T,2,4,on,2129768291,0.3764972410031727,2.1249739904908402,2.088576202732221,0.15981659210012275,0.17845044626030784,1.366225299552878,4.830840815308201,0.6029354985583448,0.7109879285189611,3.138445613862438,4.058137573548123,1475
ham_dos_n2_L4_geom_s3731635825,DOS+T,2,4,on,3731635825,0.30315100827387403,2.1503281429211207,2.1546287397829293,0.1283823385232297,0.14748790211967466,1.2337951212813654,6.120395945132024,0.5093475929208484,0.5185801056531869,3.6086131981442544,4.001633692890463,9076
ham_ldos_n1_L2_nogeom_s1179027592,LDOS+DOS+T,1,2,off,1179027592,0.5787388810089656,3.020391250093942,2.6352940229828614,0.2711968538956846,0.2555301993423925,1.6905312105279164,1.6905312105279164,0.1834856466983938,0.18365506658937888,1.75073203063415,0.6837182574504511,42
ham_ldos_n1_L2_nogeom_s2129768291,LDOS+DOS+T,1,2,off,2129768291,0.5286395869084767,2.5986933632249345,2.4215782803358086,0.23473611769922464,0.23919024576366552,2.2221556751374973,2.2221556751374973,0.4483651819081577,0.5725055795649917,2.277293164210041,1.6961061880702828,1324
ham_ldos_n1_L2_nogeom_s3731635825,LDOS+DOS+T,1,2,off,3731635825,0.5535987807171685,3.1177388566290976,2.582701045341747,0.2747539240158501,0.2474284328161482,1.6396629954945514,1.6396629954945514,1.4154054043368807,1.4154077640226002,1.8585546547748033,2.254244239064797,132
ham_ldos_n1_L2_geom_s1179027592,LDOS+DOS+T,1,2,on,1179027592,0.5155305383460862,2.666671475596773,2.4182400217925153,0.2866361571885223,0.26789943542565714,2.107661110119783,2.107661110119783,0.27010673151857867,0.270127752857238,2.108874826177049,1.2389865343636466,523
ham_ldos_n1_L2_geom_s2129768291,LDOS+DOS+T,1,2,on,2129768291,0.5020066212330546,2.912852186725118,2.4539486592755755,0.2908582330089696,0.23145099981531397,1.81919255820033,1.81919255820033,0.34378310337689655,0.34384489475245045,1.7905189245122686,1.0708844216343771,801
ham_ldos_n1_L2_geom_s3731635825,LDOS+DOS+T,1,2,on,3731635825,0.5487916725022453,2.9799472460445737,2.3409051230596383,0.2949025182276882,0.23844498399328706,1.8870945214999821,1.8870945214999821,0.2733452458424216,0.27340221654066044,1.8573863483378952,1.0507020621233572,438
ham_ldos_n1_L4_nogeom_s1179027592,LDOS+DOS+T,1,4,off,1179027592,0.42456173471042086,2.3944657024514013,2.4107146124724,0.25611953977927937,0.23596388225995724,2.170943953855607,2.170943953855607,0.4793383651101438,0.47936946864501273,2.212927889599071,1.6672870833129358,1585
ham_ldos_n1_L4_nogeom_s2129768291,LDOS+DOS+T,1,4,off,2129768291,0.43102854383843286,2.326860536718627,2.7060597833126443,0.2552984883957442,0.2399313028069237,2.089757891859669,2.089757891859669,0.36859427192675587,0.36982981253427105,2.0191843860724843,1.3638557312860173,480
ham_ldos_n1_L4_nogeom_s3731635825,LDOS+DOS+T,1,4,off,3731635825,0.4429022691079548,3.082641398041459,3.2020211062454615,0.25593153738740726,0.2127135820934143,2.4493745913653613,2.4493745913653613,0.8143520267888675,0.9178765374668082,2.689049753814822,2.8169893957517287,4272
ham_ldos_n1_L4_geom_s1179027592,LDOS+DOS+T,1,4,on,1179027592,0.4308827742934227,2.3905094612627495,2.419826121617801,0.25260366457710626,0.23855680695364895,2.292095055355085,2.292095055355085,0.5733854469019659,0.5755581522685991,2.3130636120163093,1.6360421758783386,1815
ham_ldos_n1_L4_geom_s2129768291,LDOS+DOS+T,1,4,on,2129768291,0.435184654380594,2.525120673382008,2.741127082165969,0.2724146846376656,0.22427939318963164,2.646413786201996,2.646413786201996,0.3519239344793307,0.41640920078771937,2.67326218946625,2.2142524539513366,1122
ham_ldos_n1_L4_geom_s3731635825,LDOS+DOS+T,1,4,on,3731635825,0.43476716748305727,2.1249045527709978,2.4284873304575028,0.2744876361956728,0.24567969306204884,1.9948745713887397,1.9948745713887397,0.32925719434216394,0.36816608362659325,2.0746947128816493,1.3895538823108797,916
ham_ldos_n2_L2_nogeom_s1179027592,LDOS+DOS+T,2,2,off,1179027592,0.48174747824668884,2.774697701647483,1.9398495639183149,0.21843467880918238,0.1890605167142132,1.3779478116183361,3.3076085430750055,0.27489078818162166,0.3217877254582949,2.3823663243146798,2.7816556676521977,644
ham_ldos_n2_L2_nogeom_s2129768291,LDOS+DOS+T,2,2,off,2129768291,0.3768610028283937,2.4120527283718722,2.5392472548297906,0.16883259519374694,0.17269685889628056,1.3782476085542816,2.7379590713842115,0.1536642769878928,0.21061193211181717,2.15018932753447,1.94442810124024,562
ham_ldos_n2_L2_nogeom_s3731635825,LDOS+DOS+T,2,2,off,3731635825,0.43293242901563644,2.511209851987216,2.0112337750670233,0.17740375150880228,0.16473722223261691,1.8070003602275102,3.199660641567389,0.6607085772366175,0.669772821042065,2.5583848608866444,2.724548309674994,804
ham_ldos_n2_L2_geom_s1179027592,LDOS+DOS+T,2,2,on,1179027592,0.4342359410864966,2.3639264875269967,2.351661149833995,0.18002029321482205,0.1723626355693264,1.3317946929325655,2.4594038274600463,0.14362929786841508,0.18346594578588,1.9155606840520958,1.1966145400240173,524
ham_ldos_n2_L2_geom_s2129768291,LDOS+DOS+T,2,2,on,2129768291,0.46741283365658354,2.6372807878791953,2.131734151205392,0.17708070022257172,0.1611091343104043,1.5336184197512548,3.548586897374755,0.24304713886702128,0.36442411349747084,2.7095005063396362,2.596133993600868,1387
ham_ldos_n2_L2_geom_s3731635825,LDOS+DOS+T,2,2,on,3731635825,0.4978011963622911,2.7201157700160348,2.0254173570215777,0.1928363709125763,0.1715010024580702,1.731496287294327,5.0231635067105715,0.530418519075539,0.8565134690951941,3.384248284232446,4.247672944705453,768
ham_ldos_n2_L4_nogeom_s1179027592,LDOS+DOS+T,2,4,off,1179027592,0.30124038085341454,2.51492508637799,1.999216348482868,0.16766043282740112,0.17727275117807556,1.4450950492342074,2.626256239652722,0.4507312187082271,0.5110363038697345,2.1923109634681808,2.523299617519234,558
ham_ldos_n2_L4_nogeom_s2129768291,LDOS+DOS+T,2,4,off,2129768291,0.3259338214993477,2.20197753983146,2.478437179680829,0.15668040121136967,0.17563857370035843,1.4328687090964625,2.6472855886804916,0.29035143354825166,0.3474619330772012,2.2532837582830676,1.4678230392796574,616
ham_ldos_n2_L4_nogeom_s3731635825,LDOS+DOS+T,2,4,off,3731635825,0.31273540748017176,2.19153222272085,2.4855129248285928,0.1625264456998955,0.17802063665580864,1.3720594144592884,2.9269946508522775,0.580321434707021,0.6357830364954487,2.237756209434989,2.0769491904813426,454
ham_ldos_n2_L4_geom_s1179027592,LDOS+DOS+T,2,4,on,1179027592,0.3094012833067349,2.289359083964913,2.7811626375369363,0.14931598783035838,0.1615594106085957,1.2486964543180574,2.807631391775083,0.30306776717677586,0.31513176810398585,2.0052614596531195,1.4217094456617703,1198
ham_ldos_n2_L4_geom_s2129768291,LDOS+DOS+T,2,4,on,2129768291,0.3910370458449636,2.417799423476497,2.15422405982659,0.20046743586033633,0.1765752984002211,1.2796032623965512,4.017596099503381,0.39126081923437805,0.6095546900029016,2.6754156675657343,3.137398491075897,1498
ham_ldos_n2_L4_geom_s3731635825,LDOS+DOS+T,2,4,on,3731635825,0.29856157462511745,2.3826155128192736,2.0283423595619907,0.17293195553323437,0.15723965643825635,1.519708656180064,4.741283483864168,0.5993907506917036,0.6309351165565618,3.2746728159343728,3.9551515563598176,6341
ham_ldosonly_n1_L2_nogeom_s1179027592,LDOS+T,1,2,off,1179027592,0.5465378005589757,2.7314997551383273,2.5323653981001906,0.28681276762251484,0.23572519942571152,2.143562467324161,2.143562467324161,0.26562619027572654,0.26565793060533927,2.135288580450375,1.3911425797783448,339
ham_ldosonly_n1_L2_nogeom_s2129768291,LDOS+T,1,2,off,2129768291,0.5606600046157837,2.9930805259197384,2.5838315546484036,0.3035455288452132,0.2554742954439832,2.119982138582941,2.119982138582941,0.20392381392063869,0.32096019904397594,2.244213774731016,1.1475106806724318,330
ham_ldosonly_n1_L2_nogeom_s3731635825,LDOS+T,1,2,off,3731635825,0.5298057485904012,2.708463897164103,2.420289320588354,0.31243691254426514,0.27003521943509334,1.9988352168825603,1.9988352168825603,0.175895594204976,0.17912475906334763,2.0096951941048653,0.9777869141246252,171
ham_ldosonly_n1_L2_geom_s1179027592,LDOS+T,1,2,on,1179027592,0.5315829675112452,2.451801314125328,2.4555941388168563,0.2954774886581947,0.2615870596486878,1.7010934283828303,1.7010934283828303,0.14421023443488512,0.14884568266244808,1.6909441766769873,0.6428530128962794,270
ham_ldosonly_n1_L2_geom_s2129768291,LDOS+T,1,2,on,2129768291,0.5433441762413297,2.8986032098307737,2.4409251702144,0.31404316035047863,0.25836035678212066,2.0228604336954032,2.0228604336954032,0.1865563031002604,0.18659550186829296,2.037410735057086,0.9625739017031637,212
ham_ldosonly_n1_L2_geom_s3731635825,LDOS+T,1,2,on,3731635825,0.5416062016572271,2.5201325040748053,2.527968208106218,0.2983244928638177,0.2789279228580064,2.0515193067073874,2.0515193067073874,0.20086802790761782,0.23435335442442443,2.080288813396551,1.2046322254260216,275
ham_ldosonly_n1_L4_nogeom_s1179027592,LDOS+T,1,4,off,1179027592,0.45901769931827274,2.718096330044612,2.8157039538986295,0.3261737331874715,0.27676056635582047,2.479064475882502,2.479064475882502,0.43037440844080477,0.5569848702184195,2.6786821295270014,2.6667433862355105,6782
ham_ldosonly_n1_L4_nogeom_s2129768291,LDOS+T,1,4,off,2129768291,0.4739092854516847,2.166529609271021,2.7675403964984375,0.36560390107827634,0.3273731214193485,2.313663108624108,2.313663108624108,0.40207965953193275,0.461413853741109,2.624361941452954,2.2131500159551543,1107
ham_ldosonly_n1_L4_nogeom_s3731635825,LDOS+T,1,4,off,3731635825,0.48209371098450254,2.908769548229041,3.400209277009007,0.31623277151662205,0.2603394714564783,2.385727683245493,2.385727683245493,0.30917936096550197,0.4863285725586751,2.4590415877934357,1.8051702394404552,1218
ham_ldosonly_n1_L4_geom_s1179027592,LDOS+T,1,4,on,1179027592,0.4493734357612474,2.4869213185828274,2.7222254522572276,0.350975518487711,0.321009057492452,2.0975659769541615,2.0975659769541615,0.33656076782223554,0.3849819062923807,2.255936897567488,1.454475693173016,846
ham_ldosonly_n1_L4_geom_s2129768291,LDOS+T,1,4,on,2129768291,0.4842867744820459,3.364684415677302,2.7968978786018814,0.32658156121311455,0.29650739784398705,2.5459194612824914,2.5459194612824914,0.4268758243533395,0.522104140593234,2.7257014856840724,2.77869548514788,4492
ham_ldosonly_n1_L4_geom_s3731635825,LDOS+T,1,4,on,3731635825,0.47190259184156147,2.7537909842338752,2.9562825125380456,0.3741537234809604,0.34596041501118346,2.561105418797889,2.561105418797889,0.48552125188649753,0.5883750347970576,2.8335862901966187,2.6422413580833037,1905
ham_ldosonly_n2_L2_nogeom_s1179027592,LDOS+T,2,2,off,1179027592,0.4206120552761214,2.6487016427572065,2.310994160738786,0.19451128541950824,0.1839002132274636,1.2843884791524207,2.654830286429905,0.17926584593991346,0.23178022075779364,2.1050343940981606,1.3855505133182986,616
ham_ldosonly_n2_L2_nogeom_s2129768291,LDOS+T,2,2,off,2129768291,0.5169908265982356,2.746599060953019,2.44391963003125,0.18236090079561623,0.16781152570880106,2.1662586871544027,10.24078398672458,0.8694860889063595,0.8930924551011159,6.360999146957389,7.214487099176386,2274
ham_ldosonly_n2_L2_nogeom_s3731635825,LDOS+T,2,2,off,3731635825,0.5037011089069503,2.785219264570994,2.4112699876781063,0.2324323286915499,0.1923432222814344,1.332467667897863,2.628986590100484,0.1686435738951957,0.16867461695969532,1.9927307046047937,2.1841510304150353,362
ham_ldosonly_n2_L2_geom_s1179027592,LDOS+T,2,2,on,1179027592,0.47480951249599457,2.8338620204434726,2.4033531190470026,0.1935432168818634,0.1751162280260684,1.8762402107968708,3.2598675673818174,0.18509919961948007,0.2396170714370599,2.769642008920715,2.6321291260958994,1158
ham_ldosonly_n2_L2_geom_s2129768291,LDOS+T,2,2,on,2129768291,0.44781772047281265,2.881567737342192,2.314520057476515,0.20837932298804396,0.1843518678439316,1.37554706497233,3.842217964561804,0.2324509471918088,0.24568770815221586,2.6716146966914467,3.0282302844716,625
ham_ldosonly_n2_L2_geom_s3731635825,LDOS+T,2,2,on,3731635825,0.5256051453096526,2.732562618117137,2.2119225212115285,0.25198336141552724,0.22402169578581782,1.022320855366973,4.412323175420162,0.37965390072642324,0.3867682900773496,2.758096600988846,3.283743659145695,741
ham_ldosonly_n2_L4_nogeom_s1179027592,LDOS+T,2,4,off,1179027592,0.3414697082979338,2.597782962157159,2.0176527273715514,0.17606007241046714,0.16306738928054684,1.446473442945845,4.4155811257678845,0.7963469154517168,0.8254889526871896,3.2110384978208293,4.0028024363144965,9043
ham_ldosonly_n2_L4_nogeom_s2129768291,LDOS+T,2,4,off,2129768291,0.3959714812891824,1.5263660516437565,2.0479297896484328,0.1931326032373425,0.19710652756447605,1.5867376487937415,5.2276236632163045,0.8241953464609002,0.9003558881292735,3.464300301592055,4.332744574051883,732
ham_ldosonly_n2_L4_nogeom_s3731635825,LDOS+T,2,4,off,3731635825,0.33185859876019613,1.245251234966906,1.470618511515449,0.1501940898230186,0.1649312153311997,1.2875783608906501,3.752323965578236,0.5070188891457235,0.7070689315197958,2.673367090638653,2.8894480351465717,5516
ham_ldosonly_n2_L4_geom_s1179027592,LDOS+T,2,4,on,1179027592,0.37266094024692265,1.7434593620328882,2.516302110393859,0.15330382604972015,0.16998121801327637,1.4536087166571259,3.6478729629097946,0.5536513706518824,0.6219154167003592,2.877389446778274,2.7947706661106833,1337
ham_ldosonly_n2_L4_geom_s2129768291,LDOS+T,2,4,on,2129768291,0.3196345290967396,2.4649549882841795,2.1337352345930842,0.18158697640745913,0.18459958719160682,1.87360197959581,3.234031170375069,0.39662987885380385,0.4487311718253635,2.739073405925052,2.413397942690322,961
ham_ldosonly_n2_L4_geom_s3731635825,LDOS+T,2,4,on,3731635825,0.4806157723069191,2.0861418013825173,2.1910686222544045,0.19597092777156006,0.19110547099217712,0.8516110696162968,2.466070470653997,0.371497282254384,0.37230257474937967,1.7820854437615345,1.8677912188755672,1982
ham_tonly_n1_L2_nogeom_s1179027592,T-only,1,2,off,1179027592,0.6163787181888308,3.297533947718007,2.6145335686778246,0.9167749866848487,0.9032938161561516,2.144449237203979,2.144449237203979,0.10855197845756578,0.10861045065429545,2.0521282590888577,0.7551933069325443,205
ham_tonly_n1_L2_nogeom_s2129768291,T-only,1,2,off,2129768291,0.6149140575102398,3.29433267177871,2.6732578067050454,0.625353838478514,0.5630135950783972,2.038014359885018,2.038014359885018,0.12929157681681527,0.13110951724091172,1.99748949601885,0.6333790573109562,335
ham_tonly_n1_L2_nogeom_s3731635825,T-only,1,2,off,3731635825,0.6138657991375241,2.4219653663221457,2.5458713692367736,0.6411952104830899,0.6254932443690974,2.155003022490462,2.155003022490462,0.07791457248188711,0.07791457675111813,2.14193209992893,0.7131473170772974,271
ham_tonly_n1_L2_geom_s1179027592,T-only,1,2,on,1179027592,0.5336715493883405,2.6301265099886293,2.48348028396384,0.3190144167181812,0.28196007606374296,1.7607504734182278,1.7607504734182278,0.09868878780717996,0.09869722480187676,1.7437681034430046,0.6236997996804966,159
ham_tonly_n1_L2_geom_s2129768291,T-only,1,2,on,2129768291,0.4725813131247248,2.900973568696695,2.1087360913463185,0.4164501303956998,0.39575137829139834,1.8488625389878446,1.8488625389878446,0.4012687059643828,0.40126876625424546,1.8786454299698039,0.8602450040071863,697
ham_tonly_n1_L2_geom_s3731635825,T-only,1,2,on,3731635825,0.5508544998509544,2.4081006144836197,2.3253809469631412,0.5081722844317036,0.48807233853275656,1.8750821206705914,1.8750821206705914,0.19257936689231636,0.19500806081680452,1.7945174299296807,0.6862301101061536,1242
ham_tonly_n1_L4_nogeom_s1179027592,T-only,1,4,off,1179027592,0.4775747007557324,2.8781536677008197,2.296794024515627,0.37973895363636595,0.42577289652441336,2.161563197172341,2.161563197172341,0.22212786045507915,0.22700526739017285,2.075376395285822,1.0401463558570978,412
ham_tonly_n1_L4_nogeom_s2129768291,T-only,1,4,off,2129768291,0.4633609279990196,2.773620492524808,2.3233386087179166,0.5409100228723385,0.4529496455340903,1.8301825964005785,1.8301825964005785,0.22212882513949014,0.2235615208226576,1.8227193326114302,0.729372301811843,422
ham_tonly_n1_L4_nogeom_s3731635825,T-only,1,4,off,3731635825,0.5751409232616425,2.307958615163254,2.674096304034001,0.6587322289450277,0.7533641635771119,2.098078058577021,2.098078058577021,0.2926141208668329,0.293786862397189,2.064088655098139,0.8925561546463824,845
ham_tonly_n1_L4_geom_s1179027592,T-only,1,4,on,1179027592,0.5488867546830859,1.8961995348813094,2.248573917986327,0.477498562996836,0.45215323264277085,2.4128219826553807,2.4128219826553807,0.47210504434215594,0.48879484006018026,2.3646756274850214,1.6595770011827173,9775
ham_tonly_n1_L4_geom_s2129768291,T-only,1,4,on,2129768291,0.6098823121615818,3.2097931687681798,2.765937528566976,0.4845066063585903,0.513747983038099,1.7745489573621314,1.7745489573621314,0.09198239047423229,0.09198319633338559,1.7264535243241583,0.4963294063219561,40
ham_tonly_n1_L4_geom_s3731635825,T-only,1,4,on,3731635825,0.49020242584603174,2.6618552789254224,2.3684364385230525,0.49417417886782966,0.4349835805055553,1.9367436795961037,1.9367436795961037,0.2612018641550129,0.262134180510613,1.834751778372852,0.742488389255573,814
ham_tonly_n2_L2_nogeom_s1179027592,T-only,2,2,off,1179027592,0.4202326823558126,3.060001815591491,2.246825772192335,0.3384088219135205,0.27425130897409045,1.5792026458655588,2.207909001663878,0.022446488466492803,0.024570468103428677,1.754768225747618,0.5845723623853132,224
ham_tonly_n2_L2_nogeom_s2129768291,T-only,2,2,off,2129768291,0.5275018619639533,2.505825417371541,2.179652861247557,1.29485423013868,1.2114213787870156,2.629135910956151,8.142178288651433,0.747813549470628,0.7481567291181576,5.195395334157972,5.986315442783472,276
ham_tonly_n2_L2_nogeom_s3731635825,T-only,2,2,off,3731635825,0.3881164938211441,2.8341781420790157,2.0596720168384257,0.19831925904294645,0.19917278953376794,1.3083833421363618,2.303149907341694,0.10988162043034258,0.12036693476072202,1.9160942295787486,2.1503198628237925,189
ham_tonly_n2_L2_geom_s1179027592,T-only,2,2,on,1179027592,0.5479730623109,2.9273017668139234,2.238564556144105,0.9375792383411474,0.871257299148166,2.003348157232932,5.752947520211796,0.2759602301293781,0.2759759970062508,3.7958308281467836,4.483027463958885,393
ham_tonly_n2_L2_geom_s2129768291,T-only,2,2,on,2129768291,0.5205404268843787,2.906473754059366,2.3595932292833384,1.0046107234472745,1.0391911341130537,2.970054907283388,6.084722888622271,0.26293863732055056,0.2751236227146803,4.465238195259962,4.941998165143614,236
ham_tonly_n2_L2_geom_s3731635825,T-only,2,2,on,3731635825,0.5582257083484105,2.398356888411705,2.4406380810700963,0.7250146113128696,0.6855688945503253,3.4203822759964244,18.45057619093713,0.4654827618223632,0.46781752765184303,10.923761202058932,10.63687844915126,412
ham_tonly_n2_L4_nogeom_s1179027592,T-only,2,4,off,1179027592,0.31716440298727583,1.923845175583835,1.9938577675268443,0.2565951714360361,0.27840170568094824,2.07890946090543,6.420207018347122,0.7093183711724861,0.7140908702762194,4.162856661983401,3.725341606459332,409
ham_tonly_n2_L4_nogeom_s2129768291,T-only,2,4,off,2129768291,0.48726564539330347,2.436846384531564,2.318226069835113,1.2420387157352195,1.125081804181896,2.0236549822472543,14.588399231542235,1.4788633616912663,1.570198265638183,8.020666023903939,9.763433347821875,1220
ham_tonly_n2_L4_nogeom_s3731635825,T-only,2,4,off,3731635825,0.3717310439263071,2.0674392571009372,2.1428040707615192,0.3041149458989323,0.3275615999112338,1.850137676991777,5.337618717250079,0.4680352164652907,0.4714058244792874,3.655261626590213,2.9104356034132546,249
ham_tonly_n2_L4_geom_s1179027592,T-only,2,4,on,1179027592,0.4546016039592879,2.208295884654112,2.301896494841518,0.9798111647356925,1.0369411896965017,2.1298582486619377,8.386873136165368,1.1760603730981771,1.213622260721189,5.318086320438765,6.764931290646542,1017
ham_tonly_n2_L4_geom_s2129768291,T-only,2,4,on,2129768291,0.5132928895098823,2.338538202235237,2.5727681647690046,0.9587794390472175,1.0102212568878999,4.570129436608676,26.3988476601771,1.7020727819542936,1.7310193869457704,14.902340344859493,15.133659886857973,788
ham_tonly_n2_L4_geom_s3731635825,T-only,2,4,on,3731635825,0.44991689707551685,2.4346827128311457,2.3976398281974296,0.9096674794630328,0.8551156238761335,2.4828944834885713,11.14679650516818,2.6287849712851483,2.7086083750785575,6.854003596013585,8.992162568752171,9450
