supervision,n_orb,num_layers,geometry,val_transmission,val_transmission_spread,l12_transmission,l12_transmission_spread,l16_transmission,l16_transmission_spread,l12_dos,l12_dos_spread,l16_dos,l16_dos_spread,onsite_near,onsite_near_spread,ci_interior_mode,ci_interior_mode_spread,ci_interior_total,ci_interior_total_spread
DOS+T,1,2,off,0.505933213092032,0.03034864578928259,2.595426846347544,0.48939163278000786,2.340051475481555,0.26584855213453906,0.2037065433488703,0.01696977896896973,0.19384627069062535,0.01985362704504956,3.759323710967539,2.9008241484517456,0.5876681663331318,1.0310735696517155,0.7424587295834965,1.0374839123003095
DOS+T,1,2,on,0.48037279219854445,0.02623681511197773,2.8020027371590035,0.6315624747583493,2.328487287025059,0.20355741740189792,0.2224128010764054,0.02600985681231402,0.19900497351055513,0.012451897431342701,4.532473291051941,1.8272145346837512,1.0137725105573343,1.0208976048440146,1.0187938717869052,1.0115832029796747
DOS+T,1,4,off,0.3931187142928441,0.04381106581006733,2.382756927327469,0.3599947902603642,2.4136424571453654,0.13355323289965026,0.20439241319545723,0.003040763293778559,0.2062315873112688,0.00458535864373516,3.1099532723501087,1.453874611417858,1.9732647430872507,1.9194383598957456,2.0050967439361376,1.8495729976341297
DOS+T,1,4,on,0.4249938570317768,0.06183270258562906,2.352072758693877,0.30787724807026473,2.393198329446291,0.1563619857363321,0.20647728714844168,0.01731318282394001,0.21569126934608443,0.018343747530310067,2.8146253827955117,2.7112677949414232,1.4816119633493305,2.56992257157555,1.485535926056849,2.573362250880709
DOS+T,2,2,off,0.3945341958176522,0.09835171380213331,2.400579759832614,0.9710509389385042,2.1683942041627184,0.5934651130940098,0.16774968139906585,0.0038195040034695593,0.16284238355174155,0.005071174839294257,1.3230644740221975,0.6556179559356601,0.24831252280227373,0.33932142492117073,0.44834687246424937,0.9393992384793188
DOS+T,2,2,on,0.4404415651446297,0.03499019145965576,2.4559045239404766,0.28347648089278943,2.232705611414366,0.2813921141541815,0.1711533176966525,0.016669391880594908,0.16506087805044145,0.025899749536973493,1.3072633788363532,0.2331037321810172,0.15984579513768965,0.1072191810874176,0.1735488762270626,0.14400679858932
DOS+T,2,4,off,0.3287956863641739,0.047665565141609745,1.9685780708871998,0.7141534234154938,2.0037208089436755,0.2191471209111584,0.14802619119880828,0.027189232056557683,0.16616756671831387,0.031471249276054686,1.2400841190887093,0.49103723525827014,0.5277808315112873,0.09656570760802019,0.5978223638090617,0.25606748429593995
DOS+T,2,4,on,0.33117145761137917,0.07334623272929869,1.996839389624325,0.43511210746010676,2.089379859647021,0.1296941033570156,0.14903291402060426,0.031434253576893056,0.16817461232470837,0.031097586474467975,1.4632775112831062,0.5560169917337101,0.5438883774628868,0.09358790563749642,0.5830130970856818,0.19240782286577418
LDOS+DOS+T,1,2,off,0.5536590828782036,0.05009929410048897,2.912274489982658,0.5190454934041631,2.5465244495534725,0.21371574264705284,0.26022896520358646,0.04001780631662544,0.2473829593074021,0.016339953578727,1.8507832937199884,0.5824926796429459,0.6824187443144774,1.2319197576384868,0.723856136725657,1.2317526974332214
LDOS+DOS+T,1,2,on,0.5221096106937954,0.046785051269190636,2.853156969455488,0.31327577044780064,2.4043646013759097,0.11304353621593721,0.29079896947506007,0.008266361039165893,0.2459318064114194,0.036448435610343166,1.9379827299400316,0.28846855191945275,0.29574502691263227,0.07367637185831788,0.2957916213834496,0.07371714189521245
LDOS+DOS+T,1,4,off,0.43283084921893616,0.01834053439753397,2.6013225457371623,0.7557808613228323,2.7729318340101687,0.7913064937730616,0.2557831885208103,0.0008210513835351652,0.22953625572009842,0.02721772071350942,2.236692145693546,0.3596166995056924,0.5540948879419224,0.44575775486211167,0.5890252728820307,0.5480467249325371
LDOS+DOS+T,1,4,on,0.433611532052358,0.004301880087171306,2.3468448958052517,0.4002161206110104,2.5298135114137574,0.3213009605481676,0.2665019951368149,0.021883971618566533,0.23617196440177649,0.021400299872417206,2.3111278043152734,0.6515392148132562,0.41818885857448684,0.24412825255980197,0.45337781222763723,0.20739206864200582
LDOS+DOS+T,2,2,off,0.43051363669690634,0.10488647541829516,2.565986760668857,0.36264497327561074,2.1634435312717097,0.5993976909114758,0.1882236751705772,0.049602083615435444,0.17549819928103688,0.024323294481596286,1.521065260133376,0.4290525486091741,0.36308788080204396,0.5070443002487246,0.4007241595373924,0.45916088893024787
LDOS+DOS+T,2,2,on,0.4664833237017904,0.06356525527579449,2.5737743484740756,0.35618928248903803,2.169604219353655,0.32624379281241733,0.18331245478332336,0.01575567069000458,0.16832425744593363,0.011253501258922105,1.532303133326049,0.39970159436176145,0.3056983186036585,0.386789221207124,0.46813450945951496,0.673047523309314
LDOS+DOS+T,2,4,off,0.31330320327764466,0.02469344064593315,2.3028116163101,0.32339286365714015,2.3210554843307634,0.48629657634572476,0.1622890932462221,0.01098003161603145,0.1769773205114142,0.0023820629554502093,1.4166743909299861,0.07303563477491903,0.44046802898783327,0.28997000115876936,0.4980937578141281,0.28832110341824746
LDOS+DOS+T,2,4,on,0.3329999679256053,0.09247547121984617,2.3632580067535613,0.12844033951158407,2.3212430189751725,0.7528202779749456,0.1742384597413097,0.05115144802997795,0.1651247884823577,0.019335641961964745,1.3493361242982242,0.2710122018620065,0.43123977903428584,0.2963229835149277,0.5185405248878164,0.3158033484525759
LDOS+T,1,2,off,0.5456678512550536,0.030854256025382498,2.811014726074056,0.2846166287556353,2.512162091112316,0.16354223406004964,0.30093173633733106,0.025624144921750303,0.25374490476826267,0.034310020009381825,2.0874599409298873,0.14472725044160062,0.21514853280044707,0.08973059607075054,0.2552476295708876,0.1418354399806283
LDOS+T,1,2,on,0.538844448469934,0.01176120873008446,2.623512342676969,0.4468018957054456,2.4748291723791582,0.08704303789181811,0.30261504729083033,0.018565671692283958,0.2662917797629383,0.020567566075885724,1.9251577229285404,0.35042587832455707,0.17721152181425445,0.0566577934727327,0.18993151298505515,0.08550767176197635
LDOS+T,1,4,off,0.4716735652514867,0.0230760116662298,2.5977984958482248,0.7422399389580203,2.9944845424686912,0.6326688805105696,0.3360034685941233,0.04937112956165429,0.28815771974388243,0.0670336499628702,2.392818422584034,0.16540136725839405,0.3805444763127465,0.1211950474753028,0.5015757655060679,0.09557101647731048
LDOS+T,1,4,on,0.46852093402828493,0.03491333872079849,2.868465572831335,0.8777630970944745,2.825135281132385,0.23405706028081807,0.35057026772726196,0.04757216226784583,0.32115895678254086,0.04945301716719641,2.401530285678181,0.46353944184372775,0.4163192813540242,0.148960484064262,0.4984870272275574,0.20339312850467683
LDOS+T,2,2,off,0.4804346635937691,0.0963787713221142,2.726839989427073,0.13651762181378757,2.3887279261493806,0.13292546929246418,0.20310150496889146,0.05007142789593366,0.18135165373923304,0.02453169657263335,1.5943716114015622,0.881870208001982,0.40579850291382286,0.7008425150111638,0.43118243093953496,0.7244178381414206
LDOS+T,2,2,on,0.48274412609281997,0.07778742483683998,2.8159974586342673,0.149005119225055,2.3099318992450155,0.191430597835474,0.21796863376181153,0.058440144533663835,0.19449659721860593,0.04890546775974941,1.4247027103787246,0.8539193554298978,0.2657346825125707,0.19455470110694317,0.29069102322220847,0.14715121864028968
LDOS+T,2,4,off,0.3564332627824375,0.06411288252898628,1.789800082922607,1.3525317271902528,1.8454003428451444,0.5773112781329837,0.17312892182360942,0.04293851341432389,0.17503504405874087,0.03403913828392921,1.4402631508767456,0.2991592879030913,0.7091870503527802,0.31717645731517674,0.8109712574454196,0.1932869566094777
LDOS+T,2,4,on,0.3909704138835271,0.16098124321017948,2.0981853838998616,0.7214956262512913,2.280368655747116,0.38256687580077475,0.17695391007624645,0.042667101721839906,0.1818954253990201,0.02112425297890075,1.3929405886230777,1.0219909099795133,0.4405928439200234,0.18215408839749841,0.48098305442503414,0.24961284195097955
T-only,1,2,off,0.6150528582788649,0.0025129190513066835,3.004610661939621,0.8755685813958611,2.6112209148732144,0.12738643746827183,0.7277746785488175,0.2914211482063347,0.6972668852012154,0.34028022107775435,2.112488873193153,0.11698866260544438,0.10525270925208939,0.05137700433492816,0.1058781815487751,0.05319494048979359
T-only,1,2,on,0.5190357874546732,0.07827318672622957,2.646400231056315,0.4928729542130754,2.3058657740911,0.3747441926175217,0.41454561051519484,0.1891578677135224,0.38859459762929927,0.2061122624690136,1.8282317110255546,0.11433164725236367,0.23084562022129304,0.30257991815720287,0.23165801729097557,0.3025715414523687
T-only,1,4,off,0.5053588506721315,0.11177999526262283,2.6532442584629603,0.5701950525375659,2.4314096457558483,0.37730227951837403,0.5264604018179107,0.27899327530866175,0.5440289018785385,0.32759126705269853,2.02994128404998,0.33138060077176235,0.24562360215380075,0.07048626041175376,0.24811788353667313,0.07022534157453139
T-only,1,4,on,0.5496571642302331,0.1196798863155501,2.589282660858304,1.3135936338868703,2.460982628358785,0.5173636105806492,0.48539311607441865,0.016675615870993643,0.4669615987288084,0.07876440253254369,2.0413715398712053,0.6382730252932494,0.27509643299046704,0.38012265386792365,0.28097073896805963,0.39681164372679467
T-only,2,2,off,0.44528367938030333,0.13938536814280922,2.8000017916806828,0.5541763982199499,2.162050216759439,0.1871537553539091,0.6105274370317156,1.0965349710957337,0.5616151590982913,1.0122485892532476,1.8389072996526905,1.3207525688197894,0.2933805527891544,0.7253670610041352,0.29769804399410277,0.7235862610147289
T-only,2,2,on,0.5422463991812297,0.03768528146403172,2.7440441364283314,0.5289448784022186,2.3462652888325133,0.20207352492599107,0.8890681910337639,0.27959611213440494,0.865339109270515,0.3536222395627284,2.7979284468375814,1.4170341187634925,0.3347938764240973,0.20254412450181264,0.3396390491242581,0.1926939049371627
T-only,2,4,off,0.3920536974356288,0.17010124240602764,2.1427102724054454,0.5130012089477289,2.1516293027078257,0.32436830230826863,0.6009162776900626,0.9854435442991833,0.5770150365913593,0.8466800985009477,1.9842340400481537,0.22877178391365316,0.8854056497763477,1.0108281452259755,0.9185649867978967,1.0987924411588956
T-only,2,4,on,0.472603796848229,0.06337599243436542,2.327172266573498,0.22638682817703382,2.424101495935984,0.27087166992748646,0.949419361081981,0.07014368527265968,0.967426023486845,0.18182556582036824,3.060960722919728,2.4402711879467383,1.835639375445873,1.4527245981869712,1.8844166742485056,1.4949861143573684
