arm,seed,length,sequence,huber_t
ham base,1179027592,12,ACTTGACAGTCA,1.1982665631926113
ham base,1179027592,12,ATATATATATAT,3.6308748728357614
ham base,1179027592,12,GGGGGGGGGGGG,3.755556081093158
ham base,1179027592,12,GTCAGGATCTGA,1.8064343315071056
ham base,1179027592,16,GGATAGGCTTAGAATT,0.9969129499903451
ham base,1179027592,16,GGGGGGGGGGGGGGGG,4.382920392969537
ham base,1179027592,16,GTCAGGATCTGACAGT,1.5633615669374548
ham base,1179027592,16,TCAGTGCTAAGTCATG,1.1274159995888686
ham base,2129768291,12,ACTTGACAGTCA,1.0986937063317976
ham base,2129768291,12,ATATATATATAT,0.7496446591691847
ham base,2129768291,12,GGGGGGGGGGGG,2.9524934894232104
ham base,2129768291,12,GTCAGGATCTGA,1.304632351650834
ham base,2129768291,16,GGATAGGCTTAGAATT,1.300340839068238
ham base,2129768291,16,GGGGGGGGGGGGGGGG,4.207227505203129
ham base,2129768291,16,GTCAGGATCTGACAGT,1.575451650517088
ham base,2129768291,16,TCAGTGCTAAGTCATG,1.1086991638052763
ham base,3731635825,12,ACTTGACAGTCA,1.1772018767078165
ham base,3731635825,12,ATATATATATAT,0.8707037020491668
ham base,3731635825,12,GGGGGGGGGGGG,1.3507818933519111
ham base,3731635825,12,GTCAGGATCTGA,1.5823174677587302
ham base,3731635825,16,GGATAGGCTTAGAATT,1.0970167216416553
ham base,3731635825,16,GGGGGGGGGGGGGGGG,2.066943992937765
ham base,3731635825,16,GTCAGGATCTGACAGT,1.4898609351187595
ham base,3731635825,16,TCAGTGCTAAGTCATG,1.2286523963636165
ham deep,1179027592,12,ACTTGACAGTCA,1.2496936393043747
ham deep,1179027592,12,ATATATATATAT,2.505161139218889
ham deep,1179027592,12,GGGGGGGGGGGG,3.4060497205183564
ham deep,1179027592,12,GTCAGGATCTGA,1.5011029648194447
ham deep,1179027592,16,GGATAGGCTTAGAATT,0.9832410071679998
ham deep,1179027592,16,GGGGGGGGGGGGGGGG,5.369141230156067
ham deep,1179027592,16,GTCAGGATCTGACAGT,2.0973940753033125
ham deep,1179027592,16,TCAGTGCTAAGTCATG,1.5163806315004598
ham deep,2129768291,12,ACTTGACAGTCA,1.1020988235869553
ham deep,2129768291,12,ATATATATATAT,3.6202208794170097
ham deep,2129768291,12,GGGGGGGGGGGG,4.159102269455194
ham deep,2129768291,12,GTCAGGATCTGA,1.492550254799993
ham deep,2129768291,16,GGATAGGCTTAGAATT,1.040956631989169
ham deep,2129768291,16,GGGGGGGGGGGGGGGG,6.1909303409107865
ham deep,2129768291,16,GTCAGGATCTGACAGT,1.6908457882368082
ham deep,2129768291,16,TCAGTGCTAAGTCATG,1.3217581027026593
ham deep,3731635825,12,ACTTGACAGTCA,1.4026436038909733
ham deep,3731635825,12,ATATATATATAT,3.022787447605499
ham deep,3731635825,12,GGGGGGGGGGGG,3.68273335023227
ham deep,3731635825,12,GTCAGGATCTGA,1.5002012924777364
ham deep,3731635825,16,GGATAGGCTTAGAATT,1.0169092504552544
ham deep,3731635825,16,GGGGGGGGGGGGGGGG,4.846427585931437
ham deep,3731635825,16,GTCAGGATCTGACAGT,1.9438302075844986
ham deep,3731635825,16,TCAGTGCTAAGTCATG,1.4406859396032314
ham h512,1179027592,12,ACTTGACAGTCA,1.2279520957914793
ham h512,1179027592,12,ATATATATATAT,2.4791533791031948
ham h512,1179027592,12,GGGGGGGGGGGG,3.9303667286874377
ham h512,1179027592,12,GTCAGGATCTGA,1.4618859119904117
ham h512,1179027592,16,GGATAGGCTTAGAATT,0.9762464152854127
ham h512,1179027592,16,GGGGGGGGGGGGGGGG,5.887105898241314
ham h512,1179027592,16,GTCAGGATCTGACAGT,1.7700647895353068
ham h512,1179027592,16,TCAGTGCTAAGTCATG,1.6282401233925574
ham h512,2129768291,12,ACTTGACAGTCA,0.9177768751008657
ham h512,2129768291,12,ATATATATATAT,3.5073482170425425
ham h512,2129768291,12,GGGGGGGGGGGG,2.959178711911207
ham h512,2129768291,12,GTCAGGATCTGA,1.3071171640402666
ham h512,2129768291,16,GGATAGGCTTAGAATT,1.133263342299011
ham h512,2129768291,16,GGGGGGGGGGGGGGGG,4.327904567836171
ham h512,2129768291,16,GTCAGGATCTGACAGT,1.4483084566867555
ham h512,2129768291,16,TCAGTGCTAAGTCATG,1.0983373841004513
ham h512,3731635825,12,ACTTGACAGTCA,1.3257199400859396
ham h512,3731635825,12,ATATATATATAT,3.370081521686731
ham h512,3731635825,12,GGGGGGGGGGGG,3.360358775288669
ham h512,3731635825,12,GTCAGGATCTGA,1.623806583851771
ham h512,3731635825,16,GGATAGGCTTAGAATT,1.2130739599584803
ham h512,3731635825,16,GGGGGGGGGGGGGGGG,5.151861710411658
ham h512,3731635825,16,GTCAGGATCTGACAGT,1.8341779574929564
ham h512,3731635825,16,TCAGTGCTAAGTCATG,1.2985177161386356
direct base,1179027592,12,ACTTGACAGTCA,2.2668845878958517
direct base,1179027592,12,ATATATATATAT,2.012393124254766
direct base,1179027592,12,GGGGGGGGGGGG,2.219016183076291
direct base,1179027592,12,GTCAGGATCTGA,2.645518258913916
direct base,1179027592,16,GGATAGGCTTAGAATT,3.7574561214726554
direct base,1179027592,16,GGGGGGGGGGGGGGGG,3.349506539058047
direct base,1179027592,16,GTCAGGATCTGACAGT,3.6209406580832
direct base,1179027592,16,TCAGTGCTAAGTCATG,3.5832935889969644
direct base,2129768291,12,ACTTGACAGTCA,1.9936322474407628
direct base,2129768291,12,ATATATATATAT,1.7672622411452095
direct base,2129768291,12,GGGGGGGGGGGG,2.017818538125719
direct base,2129768291,12,GTCAGGATCTGA,2.5991323674398292
direct base,2129768291,16,GGATAGGCTTAGAATT,3.4433940402631804
direct base,2129768291,16,GGGGGGGGGGGGGGGG,2.9146883501491327
direct base,2129768291,16,GTCAGGATCTGACAGT,3.3178050658714207
direct base,2129768291,16,TCAGTGCTAAGTCATG,3.1951087632897965
direct base,3731635825,12,ACTTGACAGTCA,1.9975882872572701
direct base,3731635825,12,ATATATATATAT,1.9476728346440821
direct base,3731635825,12,GGGGGGGGGGGG,1.9088873449771557
direct base,3731635825,12,GTCAGGATCTGA,2.4190725968257403
direct base,3731635825,16,GGATAGGCTTAGAATT,3.271484341655547
direct base,3731635825,16,GGGGGGGGGGGGGGGG,2.734391076501915
direct base,3731635825,16,GTCAGGATCTGACAGT,3.1402876426248136
direct base,3731635825,16,TCAGTGCTAAGTCATG,3.1710264678262017
direct deep,1179027592,12,ACTTGACAGTCA,1.9945498529358912
direct deep,1179027592,12,ATATATATATAT,2.165240639811919
direct deep,1179027592,12,GGGGGGGGGGGG,1.500621400768725
direct deep,1179027592,12,GTCAGGATCTGA,2.365971736768779
direct deep,1179027592,16,GGATAGGCTTAGAATT,3.1546320003637733
direct deep,1179027592,16,GGGGGGGGGGGGGGGG,1.9949640298725586
direct deep,1179027592,16,GTCAGGATCTGACAGT,2.986923448417164
direct deep,1179027592,16,TCAGTGCTAAGTCATG,3.0975839194479873
direct deep,2129768291,12,ACTTGACAGTCA,1.8396537505680772
direct deep,2129768291,12,ATATATATATAT,2.2472654262691236
direct deep,2129768291,12,GGGGGGGGGGGG,2.122003448366082
direct deep,2129768291,12,GTCAGGATCTGA,2.392361392276154
direct deep,2129768291,16,GGATAGGCTTAGAATT,3.53949763332846
direct deep,2129768291,16,GGGGGGGGGGGGGGGG,2.4702797394394076
direct deep,2129768291,16,GTCAGGATCTGACAGT,3.1244985551151387
direct deep,2129768291,16,TCAGTGCTAAGTCATG,3.2646782088037645
direct deep,3731635825,12,ACTTGACAGTCA,1.9034751555207508
direct deep,3731635825,12,ATATATATATAT,2.4865563701530005
direct deep,3731635825,12,GGGGGGGGGGGG,1.898735925416501
direct deep,3731635825,12,GTCAGGATCTGA,2.3856488792142887
direct deep,3731635825,16,GGATAGGCTTAGAATT,3.3806000247217325
direct deep,3731635825,16,GGGGGGGGGGGGGGGG,2.6076632853791013
direct deep,3731635825,16,GTCAGGATCTGACAGT,3.1292390213297074
direct deep,3731635825,16,TCAGTGCTAAGTCATG,3.1227309980518783
direct h512,1179027592,12,ACTTGACAGTCA,2.069379473219257
direct h512,1179027592,12,ATATATATATAT,1.9543791528803063
direct h512,1179027592,12,GGGGGGGGGGGG,1.583254667045448
direct h512,1179027592,12,GTCAGGATCTGA,2.435715506718743
direct h512,1179027592,16,GGATAGGCTTAGAATT,3.408873825512689
direct h512,1179027592,16,GGGGGGGGGGGGGGGG,2.4351759393702865
direct h512,1179027592,16,GTCAGGATCTGACAGT,3.1984587040361943
direct h512,1179027592,16,TCAGTGCTAAGTCATG,3.1471826484394594
direct h512,2129768291,12,ACTTGACAGTCA,1.9263677298521216
direct h512,2129768291,12,ATATATATATAT,1.7208726870385223
direct h512,2129768291,12,GGGGGGGGGGGG,2.205044915157777
direct h512,2129768291,12,GTCAGGATCTGA,2.311446602947615
direct h512,2129768291,16,GGATAGGCTTAGAATT,3.151755806603766
direct h512,2129768291,16,GGGGGGGGGGGGGGGG,2.6901444232240106
direct h512,2129768291,16,GTCAGGATCTGACAGT,2.842084582351098
direct h512,2129768291,16,TCAGTGCTAAGTCATG,2.9449988184173868
direct h512,3731635825,12,ACTTGACAGTCA,2.031695234085725
direct h512,3731635825,12,ATATATATATAT,1.8296437298844235
direct h512,3731635825,12,GGGGGGGGGGGG,1.7692098227077024
direct h512,3731635825,12,GTCAGGATCTGA,2.4465136811579957
direct h512,3731635825,16,GGATAGGCTTAGAATT,3.5721131477985333
direct h512,3731635825,16,GGGGGGGGGGGGGGGG,2.565562621424051
direct h512,3731635825,16,GTCAGGATCTGACAGT,3.237733099128334
direct h512,3731635825,16,TCAGTGCTAAGTCATG,3.276831946830198
